url,timestamp
https://www.gramerkagoj.com/details.php?id=82661&tag=দক্ষিণ-পশ্চিমাঞ্চল&slug=টানা-বৃষ্টিতে-নাকাল-জনজীবন,2024-09-16T14:59:04.160693
https://www.gramerkagoj.com/details.php?id=82663&tag=দক্ষিণ-পশ্চিমাঞ্চল&slug=অগ্নিসংযোগে-২৪-হত্যা-ঘটনার-তদন্ত-চান-ভুক্তভোগী-পরিবারের-সদস্যরা,2024-09-16T14:59:04.236769
https://www.gramerkagoj.com/details.php?id=82662&tag=স্বাস্থ্যকথা&slug=চল্লিশের-পর-স্মৃতিশক্তি-ধারালো-রাখতে-যা-খাবেন,2024-09-16T14:59:04.288435
https://www.gramerkagoj.com/details.php?id=82660&tag=দক্ষিণ-পশ্চিমাঞ্চল&slug=সংস্কারের-মাধ্যমে-যশোরকে-রোলমডেল-করতে-হবে,2024-09-16T14:59:04.356535
https://www.gramerkagoj.com/details.php?id=82659&tag=দক্ষিণ-পশ্চিমাঞ্চল&slug=যশোরে-২৪-ঘণ্টায়-১২-জনের-ডেঙ্গু-শনাক্ত,2024-09-16T14:59:04.420862
https://www.gramerkagoj.com/details.php?id=82658&tag=দক্ষিণ-পশ্চিমাঞ্চল&slug=রূপদিয়ায়-সড়ক-দুর্ঘটনায়-একই-পরিবারের-৯-জন-আহত,2024-09-16T14:59:04.488081
https://www.gramerkagoj.com/details.php?id=82657&tag=দক্ষিণ-পশ্চিমাঞ্চল&slug=মধুসূদনের-স্মৃতি-বিজড়িত-কাঠবাদাম-গাছটি-উপড়ে-গেলো-ঝড়ে,2024-09-16T14:59:04.557376
https://www.gramerkagoj.com/details.php?id=82656&tag=দক্ষিণ-পশ্চিমাঞ্চল&slug=অভয়নগরে-ছাত্রদল-নেতার-উপর-হামলা-প্রতিবাদে-বিক্ষোভ-মিছিল,2024-09-16T14:59:04.627734
https://www.gramerkagoj.com/details.php?id=82655&tag=দক্ষিণ-পশ্চিমাঞ্চল&slug=জামায়াত-নেতা-হত্যা-মামলায়-আসামি-সাবেক-দু’এমপিসহ-১৯-জন,2024-09-16T14:59:04.688138
https://www.gramerkagoj.com/details.php?id=82654&tag=দক্ষিণ-পশ্চিমাঞ্চল&slug=১৩-জনকে-অভিযুক্ত-করে-পুনঃচার্জশিট-ডিবির,2024-09-16T14:59:04.756422
https://www.gramerkagoj.com/details.php?id=82651&tag=অর্থনীতি&slug=আর্থিক-খাত-সংস্কারে-শতকোটি-ডলার-দেবে-বিশ্বব্যাংক,2024-09-16T14:59:04.845119
https://www.gramerkagoj.com/details.php?id=82647&tag=জাতীয়&slug=রেমিট্যান্স-এসেছে-১৪-হাজার-কোটি-টাকা,2024-09-16T14:59:04.904404
https://www.gramerkagoj.com/details.php?id=82640&tag=দক্ষিণ-পশ্চিমাঞ্চল&slug=ভারী-বৃষ্টিতে-শহরের-নিম্নাঞ্চল-প্লাবিত,2024-09-16T14:59:04.970928
https://www.gramerkagoj.com/details.php?id=82662&tag=%E0%A6%B8%E0%A7%8D%E0%A6%AC%E0%A6%BE%E0%A6%B8%E0%A7%8D%E0%A6%A5%E0%A7%8D%E0%A6%AF%E0%A6%95%E0%A6%A5%E0%A6%BE&slug=%E0%A6%9A%E0%A6%B2%E0%A7%8D%E0%A6%B2%E0%A6%BF%E0%A6%B6%E0%A7%87%E0%A6%B0-%E0%A6%AA%E0%A6%B0-%E0%A6%B8%E0%A7%8D%E0%A6%AE%E0%A7%83%E0%A6%A4%E0%A6%BF%E0%A6%B6%E0%A6%95%E0%A7%8D%E0%A6%A4%E0%A6%BF-%E0%A6%A7%E0%A6%BE%E0%A6%B0%E0%A6%BE%E0%A6%B2%E0%A7%8B-%E0%A6%B0%E0%A6%BE%E0%A6%96%E0%A6%A4%E0%A7%87-%E0%A6%AF%E0%A6%BE-%E0%A6%96%E0%A6%BE%E0%A6%AC%E0%A7%87%E0%A6%A8,2024-09-16T14:59:05.065386
https://www.gramerkagoj.com/details.php?id=82659&tag=%E0%A6%A6%E0%A6%95%E0%A7%8D%E0%A6%B7%E0%A6%BF%E0%A6%A3-%E0%A6%AA%E0%A6%B6%E0%A7%8D%E0%A6%9A%E0%A6%BF%E0%A6%AE%E0%A6%BE%E0%A6%9E%E0%A7%8D%E0%A6%9A%E0%A6%B2&slug=%E0%A6%AF%E0%A6%B6%E0%A7%8B%E0%A6%B0%E0%A7%87-%E0%A7%A8%E0%A7%AA-%E0%A6%98%E0%A6%A3%E0%A7%8D%E0%A6%9F%E0%A6%BE%E0%A7%9F-%E0%A7%A7%E0%A7%A8-%E0%A6%9C%E0%A6%A8%E0%A7%87%E0%A6%B0-%E0%A6%A1%E0%A7%87%E0%A6%99%E0%A7%8D%E0%A6%97%E0%A7%81-%E0%A6%B6%E0%A6%A8%E0%A6%BE%E0%A6%95%E0%A7%8D%E0%A6%A4,2024-09-16T14:59:05.145627
https://www.gramerkagoj.com/details.php?id=82658&tag=%E0%A6%A6%E0%A6%95%E0%A7%8D%E0%A6%B7%E0%A6%BF%E0%A6%A3-%E0%A6%AA%E0%A6%B6%E0%A7%8D%E0%A6%9A%E0%A6%BF%E0%A6%AE%E0%A6%BE%E0%A6%9E%E0%A7%8D%E0%A6%9A%E0%A6%B2&slug=%E0%A6%B0%E0%A7%82%E0%A6%AA%E0%A6%A6%E0%A6%BF%E0%A7%9F%E0%A6%BE%E0%A7%9F-%E0%A6%B8%E0%A7%9C%E0%A6%95-%E0%A6%A6%E0%A7%81%E0%A6%B0%E0%A7%8D%E0%A6%98%E0%A6%9F%E0%A6%A8%E0%A6%BE%E0%A7%9F-%E0%A6%8F%E0%A6%95%E0%A6%87-%E0%A6%AA%E0%A6%B0%E0%A6%BF%E0%A6%AC%E0%A6%BE%E0%A6%B0%E0%A7%87%E0%A6%B0-%E0%A7%AF-%E0%A6%9C%E0%A6%A8-%E0%A6%86%E0%A6%B9%E0%A6%A4,2024-09-16T14:59:05.212608
https://www.gramerkagoj.com/details.php?id=82657&tag=%E0%A6%A6%E0%A6%95%E0%A7%8D%E0%A6%B7%E0%A6%BF%E0%A6%A3-%E0%A6%AA%E0%A6%B6%E0%A7%8D%E0%A6%9A%E0%A6%BF%E0%A6%AE%E0%A6%BE%E0%A6%9E%E0%A7%8D%E0%A6%9A%E0%A6%B2&slug=%E0%A6%AE%E0%A6%A7%E0%A7%81%E0%A6%B8%E0%A7%82%E0%A6%A6%E0%A6%A8%E0%A7%87%E0%A6%B0-%E0%A6%B8%E0%A7%8D%E0%A6%AE%E0%A7%83%E0%A6%A4%E0%A6%BF-%E0%A6%AC%E0%A6%BF%E0%A6%9C%E0%A7%9C%E0%A6%BF%E0%A6%A4-%E0%A6%95%E0%A6%BE%E0%A6%A0%E0%A6%AC%E0%A6%BE%E0%A6%A6%E0%A6%BE%E0%A6%AE-%E0%A6%97%E0%A6%BE%E0%A6%9B%E0%A6%9F%E0%A6%BF-%E0%A6%89%E0%A6%AA%E0%A7%9C%E0%A7%87-%E0%A6%97%E0%A7%87%E0%A6%B2%E0%A7%8B-%E0%A6%9D%E0%A7%9C%E0%A7%87,2024-09-16T14:59:05.300175
https://www.gramerkagoj.com/details.php?id=82656&tag=%E0%A6%A6%E0%A6%95%E0%A7%8D%E0%A6%B7%E0%A6%BF%E0%A6%A3-%E0%A6%AA%E0%A6%B6%E0%A7%8D%E0%A6%9A%E0%A6%BF%E0%A6%AE%E0%A6%BE%E0%A6%9E%E0%A7%8D%E0%A6%9A%E0%A6%B2&slug=%E0%A6%85%E0%A6%AD%E0%A7%9F%E0%A6%A8%E0%A6%97%E0%A6%B0%E0%A7%87-%E0%A6%9B%E0%A6%BE%E0%A6%A4%E0%A7%8D%E0%A6%B0%E0%A6%A6%E0%A6%B2-%E0%A6%A8%E0%A7%87%E0%A6%A4%E0%A6%BE%E0%A6%B0-%E0%A6%89%E0%A6%AA%E0%A6%B0-%E0%A6%B9%E0%A6%BE%E0%A6%AE%E0%A6%B2%E0%A6%BE-%E0%A6%AA%E0%A7%8D%E0%A6%B0%E0%A6%A4%E0%A6%BF%E0%A6%AC%E0%A6%BE%E0%A6%A6%E0%A7%87-%E0%A6%AC%E0%A6%BF%E0%A6%95%E0%A7%8D%E0%A6%B7%E0%A7%8B%E0%A6%AD-%E0%A6%AE%E0%A6%BF%E0%A6%9B%E0%A6%BF%E0%A6%B2,2024-09-16T14:59:05.375194
https://www.gramerkagoj.com/details.php?id=82654&tag=%E0%A6%A6%E0%A6%95%E0%A7%8D%E0%A6%B7%E0%A6%BF%E0%A6%A3-%E0%A6%AA%E0%A6%B6%E0%A7%8D%E0%A6%9A%E0%A6%BF%E0%A6%AE%E0%A6%BE%E0%A6%9E%E0%A7%8D%E0%A6%9A%E0%A6%B2&slug=%E0%A7%A7%E0%A7%A9-%E0%A6%9C%E0%A6%A8%E0%A6%95%E0%A7%87-%E0%A6%85%E0%A6%AD%E0%A6%BF%E0%A6%AF%E0%A7%81%E0%A6%95%E0%A7%8D%E0%A6%A4-%E0%A6%95%E0%A6%B0%E0%A7%87-%E0%A6%AA%E0%A7%81%E0%A6%A8%E0%A6%83%E0%A6%9A%E0%A6%BE%E0%A6%B0%E0%A7%8D%E0%A6%9C%E0%A6%B6%E0%A6%BF%E0%A6%9F-%E0%A6%A1%E0%A6%BF%E0%A6%AC%E0%A6%BF%E0%A6%B0,2024-09-16T14:59:05.437942
https://www.gramerkagoj.com/details.php?id=82653&tag=%E0%A6%A6%E0%A6%95%E0%A7%8D%E0%A6%B7%E0%A6%BF%E0%A6%A3-%E0%A6%AA%E0%A6%B6%E0%A7%8D%E0%A6%9A%E0%A6%BF%E0%A6%AE%E0%A6%BE%E0%A6%9E%E0%A7%8D%E0%A6%9A%E0%A6%B2&slug=%E0%A6%AF%E0%A6%B6%E0%A7%8B%E0%A6%B0%E0%A7%87-%E0%A6%AF%E0%A7%81%E0%A6%AC%E0%A6%B2%E0%A7%80%E0%A6%97-%E0%A6%A8%E0%A7%87%E0%A6%A4%E0%A6%BE%E0%A6%B0-%E0%A6%AC%E0%A6%BF%E0%A6%B0%E0%A7%81%E0%A6%A6%E0%A7%8D%E0%A6%A7%E0%A7%87-%E0%A7%A7%E0%A7%A6-%E0%A6%B2%E0%A6%BE%E0%A6%96-%E0%A6%9F%E0%A6%BE%E0%A6%95%E0%A6%BE-%E0%A6%9A%E0%A6%BE%E0%A6%81%E0%A6%A6%E0%A6%BE%E0%A6%AC%E0%A6%BE%E0%A6%9C%E0%A6%BF%E0%A6%B0-%E0%A6%AE%E0%A6%BE%E0%A6%AE%E0%A6%B2%E0%A6%BE,2024-09-16T14:59:05.534734
https://www.gramerkagoj.com/details.php?id=82652&tag=%E0%A6%A6%E0%A6%95%E0%A7%8D%E0%A6%B7%E0%A6%BF%E0%A6%A3-%E0%A6%AA%E0%A6%B6%E0%A7%8D%E0%A6%9A%E0%A6%BF%E0%A6%AE%E0%A6%BE%E0%A6%9E%E0%A7%8D%E0%A6%9A%E0%A6%B2&slug=%E0%A6%B6%E0%A6%BF%E0%A6%B6%E0%A7%81-%E0%A6%AF%E0%A7%8C%E0%A6%A8-%E0%A6%A8%E0%A6%BF%E0%A6%AA%E0%A7%80%E0%A7%9C%E0%A6%A8%E0%A7%87%E0%A6%B0-%E0%A6%AE%E0%A6%BE%E0%A6%AE%E0%A6%B2%E0%A6%BE%E0%A7%9F-%E0%A6%B6%E0%A6%82%E0%A6%95%E0%A6%B0%E0%A6%AA%E0%A7%81%E0%A6%B0%E0%A7%87%E0%A6%B0-%E0%A6%B9%E0%A6%BE%E0%A6%AC%E0%A6%BF%E0%A6%AC%E0%A7%87%E0%A6%B0-%E0%A6%A8%E0%A6%BE%E0%A6%AE%E0%A7%87-%E0%A6%9A%E0%A6%BE%E0%A6%B0%E0%A7%8D%E0%A6%9C%E0%A6%B6%E0%A6%BF%E0%A6%9F,2024-09-16T14:59:05.657645
https://www.gramerkagoj.com/details.php?id=82661&tag=%E0%A6%A6%E0%A6%95%E0%A7%8D%E0%A6%B7%E0%A6%BF%E0%A6%A3-%E0%A6%AA%E0%A6%B6%E0%A7%8D%E0%A6%9A%E0%A6%BF%E0%A6%AE%E0%A6%BE%E0%A6%9E%E0%A7%8D%E0%A6%9A%E0%A6%B2&slug=%E0%A6%9F%E0%A6%BE%E0%A6%A8%E0%A6%BE-%E0%A6%AC%E0%A7%83%E0%A6%B7%E0%A7%8D%E0%A6%9F%E0%A6%BF%E0%A6%A4%E0%A7%87-%E0%A6%A8%E0%A6%BE%E0%A6%95%E0%A6%BE%E0%A6%B2-%E0%A6%9C%E0%A6%A8%E0%A6%9C%E0%A7%80%E0%A6%AC%E0%A6%A8,2024-09-16T14:59:05.723592
https://www.gramerkagoj.com/details.php?id=82663&tag=%E0%A6%A6%E0%A6%95%E0%A7%8D%E0%A6%B7%E0%A6%BF%E0%A6%A3-%E0%A6%AA%E0%A6%B6%E0%A7%8D%E0%A6%9A%E0%A6%BF%E0%A6%AE%E0%A6%BE%E0%A6%9E%E0%A7%8D%E0%A6%9A%E0%A6%B2&slug=%E0%A6%85%E0%A6%97%E0%A7%8D%E0%A6%A8%E0%A6%BF%E0%A6%B8%E0%A6%82%E0%A6%AF%E0%A7%8B%E0%A6%97%E0%A7%87-%E0%A7%A8%E0%A7%AA-%E0%A6%B9%E0%A6%A4%E0%A7%8D%E0%A6%AF%E0%A6%BE-%E0%A6%98%E0%A6%9F%E0%A6%A8%E0%A6%BE%E0%A6%B0-%E0%A6%A4%E0%A6%A6%E0%A6%A8%E0%A7%8D%E0%A6%A4-%E0%A6%9A%E0%A6%BE%E0%A6%A8-%E0%A6%AD%E0%A7%81%E0%A6%95%E0%A7%8D%E0%A6%A4%E0%A6%AD%E0%A7%8B%E0%A6%97%E0%A7%80-%E0%A6%AA%E0%A6%B0%E0%A6%BF%E0%A6%AC%E0%A6%BE%E0%A6%B0%E0%A7%87%E0%A6%B0-%E0%A6%B8%E0%A6%A6%E0%A6%B8%E0%A7%8D%E0%A6%AF%E0%A6%B0%E0%A6%BE,2024-09-16T14:59:05.785041
https://www.gramerkagoj.com/details.php?id=82660&tag=%E0%A6%A6%E0%A6%95%E0%A7%8D%E0%A6%B7%E0%A6%BF%E0%A6%A3-%E0%A6%AA%E0%A6%B6%E0%A7%8D%E0%A6%9A%E0%A6%BF%E0%A6%AE%E0%A6%BE%E0%A6%9E%E0%A7%8D%E0%A6%9A%E0%A6%B2&slug=%E0%A6%B8%E0%A6%82%E0%A6%B8%E0%A7%8D%E0%A6%95%E0%A6%BE%E0%A6%B0%E0%A7%87%E0%A6%B0-%E0%A6%AE%E0%A6%BE%E0%A6%A7%E0%A7%8D%E0%A6%AF%E0%A6%AE%E0%A7%87-%E0%A6%AF%E0%A6%B6%E0%A7%8B%E0%A6%B0%E0%A6%95%E0%A7%87-%E0%A6%B0%E0%A7%8B%E0%A6%B2%E0%A6%AE%E0%A6%A1%E0%A7%87%E0%A6%B2-%E0%A6%95%E0%A6%B0%E0%A6%A4%E0%A7%87-%E0%A6%B9%E0%A6%AC%E0%A7%87,2024-09-16T14:59:05.850536
https://www.gramerkagoj.com/details.php?id=82655&tag=%E0%A6%A6%E0%A6%95%E0%A7%8D%E0%A6%B7%E0%A6%BF%E0%A6%A3-%E0%A6%AA%E0%A6%B6%E0%A7%8D%E0%A6%9A%E0%A6%BF%E0%A6%AE%E0%A6%BE%E0%A6%9E%E0%A7%8D%E0%A6%9A%E0%A6%B2&slug=%E0%A6%9C%E0%A6%BE%E0%A6%AE%E0%A6%BE%E0%A7%9F%E0%A6%BE%E0%A6%A4-%E0%A6%A8%E0%A7%87%E0%A6%A4%E0%A6%BE-%E0%A6%B9%E0%A6%A4%E0%A7%8D%E0%A6%AF%E0%A6%BE-%E0%A6%AE%E0%A6%BE%E0%A6%AE%E0%A6%B2%E0%A6%BE%E0%A7%9F-%E0%A6%86%E0%A6%B8%E0%A6%BE%E0%A6%AE%E0%A6%BF-%E0%A6%B8%E0%A6%BE%E0%A6%AC%E0%A7%87%E0%A6%95-%E0%A6%A6%E0%A7%81%E2%80%99%E0%A6%8F%E0%A6%AE%E0%A6%AA%E0%A6%BF%E0%A6%B8%E0%A6%B9-%E0%A7%A7%E0%A7%AF-%E0%A6%9C%E0%A6%A8,2024-09-16T14:59:05.939293
https://www.gramerkagoj.com/details.php?id=82651&tag=%E0%A6%85%E0%A6%B0%E0%A7%8D%E0%A6%A5%E0%A6%A8%E0%A7%80%E0%A6%A4%E0%A6%BF&slug=%E0%A6%86%E0%A6%B0%E0%A7%8D%E0%A6%A5%E0%A6%BF%E0%A6%95-%E0%A6%96%E0%A6%BE%E0%A6%A4-%E0%A6%B8%E0%A6%82%E0%A6%B8%E0%A7%8D%E0%A6%95%E0%A6%BE%E0%A6%B0%E0%A7%87-%E0%A6%B6%E0%A6%A4%E0%A6%95%E0%A7%8B%E0%A6%9F%E0%A6%BF-%E0%A6%A1%E0%A6%B2%E0%A6%BE%E0%A6%B0-%E0%A6%A6%E0%A7%87%E0%A6%AC%E0%A7%87-%E0%A6%AC%E0%A6%BF%E0%A6%B6%E0%A7%8D%E0%A6%AC%E0%A6%AC%E0%A7%8D%E0%A6%AF%E0%A6%BE%E0%A6%82%E0%A6%95,2024-09-16T14:59:06.007592
https://www.gramerkagoj.com/details.php?id=82650&tag=%E0%A6%A6%E0%A6%95%E0%A7%8D%E0%A6%B7%E0%A6%BF%E0%A6%A3-%E0%A6%AA%E0%A6%B6%E0%A7%8D%E0%A6%9A%E0%A6%BF%E0%A6%AE%E0%A6%BE%E0%A6%9E%E0%A7%8D%E0%A6%9A%E0%A6%B2&slug=%E0%A6%B8%E0%A6%BE%E0%A6%A4%E0%A6%95%E0%A7%8D%E0%A6%B7%E0%A7%80%E0%A6%B0%E0%A6%BE%E0%A7%9F-%E0%A6%9A%E0%A6%BE%E0%A6%9E%E0%A7%8D%E0%A6%9A%E0%A6%B2%E0%A7%8D%E0%A6%AF%E0%A6%95%E0%A6%B0-%E0%A6%AA%E0%A7%8D%E0%A6%B0%E0%A6%A4%E0%A6%BF%E0%A6%AC%E0%A6%A8%E0%A7%8D%E0%A6%A7%E0%A7%80-%E0%A6%9A%E0%A7%81%E0%A6%AE%E0%A6%95%E0%A6%BF-%E0%A6%B9%E0%A6%A4%E0%A7%8D%E0%A6%AF%E0%A6%BE%E0%A7%9F-%E0%A6%97%E0%A7%8D%E0%A6%B0%E0%A7%87%E0%A6%AA%E0%A7%8D%E0%A6%A4%E0%A6%BE%E0%A6%B0-%E0%A7%AC,2024-09-16T14:59:06.077174
https://www.gramerkagoj.com/details.php?id=82649&tag=%E0%A6%9C%E0%A6%BE%E0%A6%A4%E0%A7%80%E0%A7%9F&slug=%E0%A6%B8%E0%A6%BE%E0%A6%AC%E0%A7%87%E0%A6%95-%E0%A6%9C%E0%A6%A8%E0%A6%AA%E0%A7%8D%E0%A6%B0%E0%A6%B6%E0%A6%BE%E0%A6%B8%E0%A6%A8-%E0%A6%AE%E0%A6%A8%E0%A7%8D%E0%A6%A4%E0%A7%8D%E0%A6%B0%E0%A7%80-%E0%A6%AB%E0%A6%B0%E0%A6%B9%E0%A6%BE%E0%A6%A6-%E0%A7%AB-%E0%A6%A6%E0%A6%BF%E0%A6%A8%E0%A7%87%E0%A6%B0-%E0%A6%B0%E0%A6%BF%E0%A6%AE%E0%A6%BE%E0%A6%A8%E0%A7%8D%E0%A6%A1%E0%A7%87,2024-09-16T14:59:06.153778
https://www.gramerkagoj.com/details.php?id=82647&tag=%E0%A6%9C%E0%A6%BE%E0%A6%A4%E0%A7%80%E0%A7%9F&slug=%E0%A6%B0%E0%A7%87%E0%A6%AE%E0%A6%BF%E0%A6%9F%E0%A7%8D%E0%A6%AF%E0%A6%BE%E0%A6%A8%E0%A7%8D%E0%A6%B8-%E0%A6%8F%E0%A6%B8%E0%A7%87%E0%A6%9B%E0%A7%87-%E0%A7%A7%E0%A7%AA-%E0%A6%B9%E0%A6%BE%E0%A6%9C%E0%A6%BE%E0%A6%B0-%E0%A6%95%E0%A7%8B%E0%A6%9F%E0%A6%BF-%E0%A6%9F%E0%A6%BE%E0%A6%95%E0%A6%BE,2024-09-16T14:59:06.240384
https://www.gramerkagoj.com/details.php?id=82648&tag=%E0%A6%96%E0%A7%87%E0%A6%B2%E0%A6%BE%E0%A6%A7%E0%A7%81%E0%A6%B2%E0%A6%BE&slug=%E0%A6%AD%E0%A6%BE%E0%A6%B0%E0%A6%A4%E0%A7%87-%E0%A6%97%E0%A7%87%E0%A6%9B%E0%A7%87%E0%A6%A8-%E0%A6%95%E0%A7%8D%E0%A6%B0%E0%A6%BF%E0%A6%95%E0%A7%87%E0%A6%9F%E0%A6%BE%E0%A6%B0%E0%A6%B0%E0%A6%BE,2024-09-16T14:59:06.325795
https://www.gramerkagoj.com/details.php?id=82646&tag=%E0%A6%96%E0%A7%87%E0%A6%B2%E0%A6%BE%E0%A6%A7%E0%A7%81%E0%A6%B2%E0%A6%BE&slug=%E0%A6%B8%E0%A6%AD%E0%A6%BE%E0%A6%AA%E0%A6%A4%E0%A6%BF-%E0%A6%AA%E0%A7%8D%E0%A6%B0%E0%A6%BE%E0%A6%B0%E0%A7%8D%E0%A6%A5%E0%A7%80-%E0%A6%B9%E0%A6%93%E0%A7%9F%E0%A6%BE%E0%A6%B0-%E0%A6%98%E0%A7%8B%E0%A6%B7%E0%A6%A3%E0%A6%BE-%E0%A6%A6%E0%A6%BF%E0%A7%9F%E0%A7%87%E0%A6%9B%E0%A7%87%E0%A6%A8-%E0%A6%B0%E0%A7%81%E0%A6%B9%E0%A7%81%E0%A6%B2-%E0%A6%86%E0%A6%AE%E0%A6%BF%E0%A6%A8,2024-09-16T14:59:06.401129
https://www.gramerkagoj.com/details.php?id=82645&tag=%E0%A6%96%E0%A7%87%E0%A6%B2%E0%A6%BE%E0%A6%A7%E0%A7%81%E0%A6%B2%E0%A6%BE&slug=%E0%A6%AC%E0%A6%BE%E0%A6%82%E0%A6%B2%E0%A6%BE%E0%A6%A6%E0%A7%87%E0%A6%B6%E0%A7%87%E0%A6%B0-%E0%A6%AE%E0%A7%87%E0%A7%9F%E0%A7%87%E0%A6%A6%E0%A7%87%E0%A6%B0-%E0%A6%B8%E0%A6%BF%E0%A6%B0%E0%A6%BF%E0%A6%9C-%E0%A6%9C%E0%A7%9F,2024-09-16T14:59:06.463002
https://www.gramerkagoj.com/details.php?id=82644&tag=%E0%A6%A6%E0%A6%95%E0%A7%8D%E0%A6%B7%E0%A6%BF%E0%A6%A3-%E0%A6%AA%E0%A6%B6%E0%A7%8D%E0%A6%9A%E0%A6%BF%E0%A6%AE%E0%A6%BE%E0%A6%9E%E0%A7%8D%E0%A6%9A%E0%A6%B2&slug=%E0%A6%AE%E0%A7%8B%E0%A6%B0%E0%A7%87%E0%A6%B2%E0%A6%97%E0%A6%9E%E0%A7%8D%E0%A6%9C%E0%A7%87-%E0%A7%A9-%E0%A6%B6%E0%A6%A4%E0%A6%BE%E0%A6%A7%E0%A6%BF%E0%A6%95-%E0%A6%AE%E0%A7%8E%E0%A6%B8-%E0%A6%98%E0%A7%87%E0%A6%B0-%E0%A6%AA%E0%A6%BE%E0%A6%A8%E0%A6%BF%E0%A6%B0-%E0%A6%A8%E0%A6%BF%E0%A6%9A%E0%A7%87%2C-%E0%A6%AA%E0%A7%8C%E0%A6%B0-%E0%A6%B8%E0%A6%A6%E0%A6%B0%E0%A6%B8%E0%A6%B9-%E0%A7%A8%E0%A7%A6-%E0%A6%97%E0%A7%8D%E0%A6%B0%E0%A6%BE%E0%A6%AE-%E0%A6%AA%E0%A7%8D%E0%A6%B2%E0%A6%BE%E0%A6%AC%E0%A6%BF%E0%A6%A4,2024-09-16T14:59:06.527040
https://www.gramerkagoj.com/details.php?id=82643&tag=%E0%A6%A6%E0%A6%95%E0%A7%8D%E0%A6%B7%E0%A6%BF%E0%A6%A3-%E0%A6%AA%E0%A6%B6%E0%A7%8D%E0%A6%9A%E0%A6%BF%E0%A6%AE%E0%A6%BE%E0%A6%9E%E0%A7%8D%E0%A6%9A%E0%A6%B2&slug=%E0%A6%AE%E0%A7%8B%E0%A6%B0%E0%A7%87%E0%A6%B2%E0%A6%97%E0%A6%9E%E0%A7%8D%E0%A6%9C%E0%A7%87-%E0%A6%AE%E0%A7%83%E0%A6%A4%E0%A7%8D%E0%A6%AF%E0%A7%81%E0%A6%A6%E0%A6%A8%E0%A7%8D%E0%A6%A1%E0%A6%AA%E0%A7%8D%E0%A6%B0%E0%A6%BE%E0%A6%AA%E0%A7%8D%E0%A6%A4-%E0%A6%AA%E0%A6%B2%E0%A6%BE%E0%A6%A4%E0%A6%95-%E0%A6%86%E0%A6%B8%E0%A6%BE%E0%A6%AE%E0%A6%BF-%E0%A6%86%E0%A6%9F%E0%A6%95-,2024-09-16T14:59:06.589836
https://www.gramerkagoj.com/details.php?id=82642&tag=%E0%A6%B8%E0%A6%BE%E0%A6%B0%E0%A6%BE%E0%A6%A6%E0%A7%87%E0%A6%B6&slug=%E0%A6%A6%E0%A7%81%27%E0%A6%B9%E0%A6%BE%E0%A6%A4%E0%A7%87-%E0%A6%97%E0%A7%81%E0%A6%B2%E0%A6%BF-%E0%A6%9A%E0%A6%BE%E0%A6%B2%E0%A6%BE%E0%A6%A8%E0%A7%8B-%E0%A6%AF%E0%A7%81%E0%A6%AC%E0%A6%B2%E0%A7%80%E0%A6%97-%E0%A6%A8%E0%A7%87%E0%A6%A4%E0%A6%BE-%E0%A7%AB-%E0%A6%A6%E0%A6%BF%E0%A6%A8%E0%A7%87%E0%A6%B0-%E0%A6%B0%E0%A6%BF%E0%A6%AE%E0%A6%BE%E0%A6%A8%E0%A7%8D%E0%A6%A1%E0%A7%87,2024-09-16T14:59:06.654092
https://www.gramerkagoj.com/details.php?id=82641&tag=%E0%A6%96%E0%A7%87%E0%A6%B2%E0%A6%BE%E0%A6%A7%E0%A7%81%E0%A6%B2%E0%A6%BE&slug=%E0%A6%AB%E0%A6%BF%E0%A6%B0%E0%A7%87%E0%A6%87-%E0%A6%9C%E0%A7%8B%E0%A7%9C%E0%A6%BE-%E0%A6%97%E0%A7%8B%E0%A6%B2-%E0%A6%AE%E0%A7%87%E0%A6%B8%E0%A6%BF%E0%A6%B0,2024-09-16T14:59:06.725401
https://www.gramerkagoj.com/details.php?id=82640&tag=%E0%A6%A6%E0%A6%95%E0%A7%8D%E0%A6%B7%E0%A6%BF%E0%A6%A3-%E0%A6%AA%E0%A6%B6%E0%A7%8D%E0%A6%9A%E0%A6%BF%E0%A6%AE%E0%A6%BE%E0%A6%9E%E0%A7%8D%E0%A6%9A%E0%A6%B2&slug=%E0%A6%AD%E0%A6%BE%E0%A6%B0%E0%A7%80-%E0%A6%AC%E0%A7%83%E0%A6%B7%E0%A7%8D%E0%A6%9F%E0%A6%BF%E0%A6%A4%E0%A7%87-%E0%A6%B6%E0%A6%B9%E0%A6%B0%E0%A7%87%E0%A6%B0-%E0%A6%A8%E0%A6%BF%E0%A6%AE%E0%A7%8D%E0%A6%A8%E0%A6%BE%E0%A6%9E%E0%A7%8D%E0%A6%9A%E0%A6%B2-%E0%A6%AA%E0%A7%8D%E0%A6%B2%E0%A6%BE%E0%A6%AC%E0%A6%BF%E0%A6%A4,2024-09-16T14:59:06.788795
https://www.gramerkagoj.com/details.php?id=82639&tag=%E0%A6%9C%E0%A6%BE%E0%A6%A4%E0%A7%80%E0%A7%9F&slug=%E0%A7%A7%E0%A7%AB-%E0%A6%85%E0%A6%A4%E0%A6%BF%E0%A6%B0%E0%A6%BF%E0%A6%95%E0%A7%8D%E0%A6%A4-%E0%A6%A1%E0%A6%BF%E0%A6%86%E0%A6%87%E0%A6%9C%E0%A6%BF-%E0%A6%93-%E0%A7%AE-%E0%A6%AA%E0%A7%81%E0%A6%B2%E0%A6%BF%E0%A6%B6-%E0%A6%B8%E0%A7%81%E0%A6%AA%E0%A6%BE%E0%A6%B0%E0%A6%95%E0%A7%87-%E0%A6%AC%E0%A6%A6%E0%A6%B2%E0%A6%BF,2024-09-16T14:59:06.841408
https://www.gramerkagoj.com/details.php?id=82638&tag=%E0%A6%86%E0%A6%AC%E0%A6%B9%E0%A6%BE%E0%A6%93%E0%A7%9F%E0%A6%BE&slug=%E0%A6%AC%E0%A7%83%E0%A6%B7%E0%A7%8D%E0%A6%9F%E0%A6%BF-%E0%A6%95%E0%A6%AC%E0%A7%87-%E0%A6%95%E0%A6%AE%E0%A6%AC%E0%A7%87-%E0%A6%9C%E0%A6%BE%E0%A6%A8%E0%A6%BE%E0%A6%B2%E0%A7%8B-%E0%A6%86%E0%A6%AC%E0%A6%B9%E0%A6%BE%E0%A6%93%E0%A6%AF%E0%A6%BC%E0%A6%BE-%E0%A6%85%E0%A6%A7%E0%A6%BF%E0%A6%A6%E0%A6%AA%E0%A7%8D%E0%A6%A4%E0%A6%B0,2024-09-16T14:59:06.926999
https://www.gramerkagoj.com/details.php?id=82637&tag=%E0%A6%86%E0%A6%A8%E0%A7%8D%E0%A6%A4%E0%A6%B0%E0%A7%8D%E0%A6%9C%E0%A6%BE%E0%A6%A4%E0%A6%BF%E0%A6%95&slug=%E0%A6%AA%E0%A6%A6%E0%A6%A4%E0%A7%8D%E0%A6%AF%E0%A6%BE%E0%A6%97%E0%A7%87%E0%A6%B0-%E0%A6%98%E0%A7%8B%E0%A6%B7%E0%A6%A3%E0%A6%BE-%E0%A6%A6%E0%A6%BF%E0%A6%B2%E0%A7%87%E0%A6%A8-%E0%A6%A6%E0%A6%BF%E0%A6%B2%E0%A7%8D%E0%A6%B2%E0%A6%BF%E0%A6%B0-%E0%A6%AE%E0%A7%81%E0%A6%96%E0%A7%8D%E0%A6%AF%E0%A6%AE%E0%A6%A8%E0%A7%8D%E0%A6%A4%E0%A7%8D%E0%A6%B0%E0%A7%80-,2024-09-16T14:59:06.989599
https://www.gramerkagoj.com/details.php?id=82636&tag=%E0%A6%9C%E0%A6%BE%E0%A6%A4%E0%A7%80%E0%A7%9F&slug=%E0%A7%A7%E0%A7%A8-%E0%A6%9C%E0%A7%87%E0%A6%B2%E0%A6%BE%E0%A6%B0-%E0%A6%8F%E0%A6%B8%E0%A6%AA%E0%A6%BF-%E0%A6%AC%E0%A6%A6%E0%A6%B2%E0%A6%BF,2024-09-16T14:59:07.054266
https://www.gramerkagoj.com/details.php?id=82635&tag=%E0%A6%9C%E0%A6%BE%E0%A6%A4%E0%A7%80%E0%A7%9F&slug=%E0%A6%AA%E0%A6%BE%E0%A6%81%E0%A6%9A-%E0%A6%A6%E0%A6%BF%E0%A6%A8%E0%A7%87%E0%A6%B0-%E0%A6%B0%E0%A6%BF%E0%A6%AE%E0%A6%BE%E0%A6%A8%E0%A7%8D%E0%A6%A1%E0%A7%87-%E0%A6%B8%E0%A6%BE%E0%A6%AC%E0%A7%87%E0%A6%95-%E0%A6%AE%E0%A6%A8%E0%A7%8D%E0%A6%A4%E0%A7%8D%E0%A6%B0%E0%A7%80-%E0%A6%AB%E0%A6%B0%E0%A6%B9%E0%A6%BE%E0%A6%A6,2024-09-16T14:59:07.139652
https://www.gramerkagoj.com/details.php?id=82634&tag=%E0%A6%9C%E0%A6%BE%E0%A6%A4%E0%A7%80%E0%A7%9F&slug=%E0%A6%B6%E0%A6%B9%E0%A7%80%E0%A6%A6-%E0%A6%86%E0%A6%AC%E0%A7%81-%E0%A6%B8%E0%A6%BE%E0%A6%88%E0%A6%A6%E0%A7%87%E0%A6%B0-%E0%A6%A8%E0%A6%BE%E0%A6%AE%E0%A7%87-%E0%A6%AE%E0%A6%BE%E0%A6%A6%E0%A6%B0%E0%A6%BE%E0%A6%B8%E0%A6%BE-%E0%A6%AA%E0%A7%8D%E0%A6%B0%E0%A6%A4%E0%A6%BF%E0%A6%B7%E0%A7%8D%E0%A6%A0%E0%A6%BE%E0%A6%B0-%E0%A6%98%E0%A7%8B%E0%A6%B7%E0%A6%A3%E0%A6%BE-%E0%A6%B9%E0%A7%87%E0%A6%AB%E0%A6%BE%E0%A6%9C%E0%A6%A4%E0%A7%87%E0%A6%B0,2024-09-16T14:59:07.207338
https://www.gramerkagoj.com/details.php?id=82638&tag=আবহাওয়া&slug=বৃষ্টি-কবে-কমবে-জানালো-আবহাওয়া-অধিদপ্তর,2024-09-16T14:59:07.274850
https://www.gramerkagoj.com/details.php?id=82636&tag=জাতীয়&slug=১২-জেলার-এসপি-বদলি,2024-09-16T14:59:07.338915
https://www.gramerkagoj.com/details.php?id=82653&tag=দক্ষিণ-পশ্চিমাঞ্চল&slug=যশোরে-যুবলীগ-নেতার-বিরুদ্ধে-১০-লাখ-টাকা-চাঁদাবাজির-মামলা,2024-09-16T14:59:07.421513
https://www.gramerkagoj.com/details.php?id=82635&tag=জাতীয়&slug=পাঁচ-দিনের-রিমান্ডে-সাবেক-মন্ত্রী-ফরহাদ,2024-09-16T14:59:07.488821
https://www.gramerkagoj.com/details.php?id=82634&tag=জাতীয়&slug=শহীদ-আবু-সাঈদের-নামে-মাদরাসা-প্রতিষ্ঠার-ঘোষণা-হেফাজতের,2024-09-16T14:59:07.543568
https://www.gramerkagoj.com/details.php?id=82633&tag=জাতীয়&slug=আন্দোলনে-নিহত-৮৭৫-জনের-মধ্যে-৪২২-জনই-বিএনপির:-ফখরুল,2024-09-16T14:59:07.611563
https://www.gramerkagoj.com/details.php?id=82643&tag=দক্ষিণ-পশ্চিমাঞ্চল&slug=মোরেলগঞ্জে-মৃত্যুদন্ডপ্রাপ্ত-পলাতক-আসামি-আটক-,2024-09-16T14:59:07.693158
"https://www.gramerkagoj.com/details.php?id=82644&tag=দক্ষিণ-পশ্চিমাঞ্চল&slug=মোরেলগঞ্জে-৩-শতাধিক-মৎস-ঘের-পানির-নিচে,-পৌর-সদরসহ-২০-গ্রাম-প্লাবিত",2024-09-16T14:59:07.843374
https://www.gramerkagoj.com/details.php?id=82641&tag=খেলাধুলা&slug=ফিরেই-জোড়া-গোল-মেসির,2024-09-16T14:59:07.922397
https://www.gramerkagoj.com/details.php?id=82639&tag=জাতীয়&slug=১৫-অতিরিক্ত-ডিআইজি-ও-৮-পুলিশ-সুপারকে-বদলি,2024-09-16T14:59:08.005655
https://www.gramerkagoj.com/details.php?id=82642&tag=সারাদেশ&slug=দু'হাতে-গুলি-চালানো-যুবলীগ-নেতা-৫-দিনের-রিমান্ডে,2024-09-16T14:59:08.076436
https://www.gramerkagoj.com/details.php?id=82637&tag=আন্তর্জাতিক&slug=পদত্যাগের-ঘোষণা-দিলেন-দিল্লির-মুখ্যমন্ত্রী-,2024-09-16T14:59:08.150454
https://www.gramerkagoj.com/details.php?id=82650&tag=দক্ষিণ-পশ্চিমাঞ্চল&slug=সাতক্ষীরায়-চাঞ্চল্যকর-প্রতিবন্ধী-চুমকি-হত্যায়-গ্রেপ্তার-৬,2024-09-16T14:59:08.222558
https://www.gramerkagoj.com/details.php?id=82645&tag=খেলাধুলা&slug=বাংলাদেশের-মেয়েদের-সিরিজ-জয়,2024-09-16T14:59:08.290579
https://www.gramerkagoj.com/details.php?id=82652&tag=দক্ষিণ-পশ্চিমাঞ্চল&slug=শিশু-যৌন-নিপীড়নের-মামলায়-শংকরপুরের-হাবিবের-নামে-চার্জশিট,2024-09-16T14:59:08.380593
https://www.gramerkagoj.com/details.php?id=82649&tag=জাতীয়&slug=সাবেক-জনপ্রশাসন-মন্ত্রী-ফরহাদ-৫-দিনের-রিমান্ডে,2024-09-16T14:59:08.458048
https://www.gramerkagoj.com/details.php?id=82618&tag=জাতীয়&slug=শেখ-হাসিনাকে-বহনকারী-বিমান-যেভাবে-রাডারের-বাইরে-ছিল,2024-09-16T14:59:08.551587
https://www.gramerkagoj.com/details.php?id=82615&tag=জাতীয়&slug=কাপ্তাই-বাঁধের-১৬টি-জলকপাট-ফের-খুলে-দেওয়া-হলো,2024-09-16T14:59:08.619518
https://www.gramerkagoj.com/details.php?id=82608&tag=জাতীয়&slug=বিতর্কিত-প্রায়-আটশ’-পুলিশ-কর্মকর্তা-আজো-লাপাত্তা,2024-09-16T14:59:08.682944
https://www.gramerkagoj.com/details.php?id=82607&tag=জাতীয়&slug=সাবেক-স্বরাষ্ট্রমন্ত্রীর-ছেলে-জ্যোতি-গ্রেপ্তার,2024-09-16T14:59:08.752916
"https://www.gramerkagoj.com/details.php?id=82606&tag=জাতীয়&slug=বঙ্গোপসাগরে-১৩টি-ট্রলারডুবিতে-৫-শতাধিক-জেলে-নিখোঁজ,-নিহত-২",2024-09-16T14:59:08.869433
https://www.gramerkagoj.com/details.php?id=82616&tag=রাজনীতি&slug=অন্তবর্তী-সরকারের-উপদেষ্টা-নাহিদ-আসিফের-‘ছাত্রশক্তি’র-কার্যক্রম-স্থগিত,2024-09-16T14:59:08.924165
"https://www.gramerkagoj.com/details.php?id=82588&tag=রাজনীতি&slug=গোপালগঞ্জে-বিএনপি-ও-স্বেচ্ছাসেবক-দলের-গাড়িতে-আ’লীগের-হামলা-ভাঙচুর,-আহত-২০-",2024-09-16T14:59:09.002841
https://www.gramerkagoj.com/details.php?id=82455&tag=রাজনীতি&slug=ঢাকায়-১৫-সেপ্টেম্বর-সমাবেশ-করবে-বিএনপি,2024-09-16T14:59:09.071581
https://www.gramerkagoj.com/details.php?id=82409&tag=রাজনীতি&slug=সংস্কার-বাস্তবায়নের-গতি-হতাশাব্যঞ্জক-:-অলি,2024-09-16T14:59:09.154157
https://www.gramerkagoj.com/details.php?id=82360&tag=রাজনীতি&slug=পার্শ্ববর্তী-দেশের-সঙ্গে-ভারতের-সম্পর্ক-ভালো-যাচ্ছে-না-:-বিএনপি,2024-09-16T14:59:09.222456
https://www.gramerkagoj.com/details.php?id=82339&tag=রাজনীতি&slug=আজ-জাতীয়তাবাদী-মহিলা-দলের-প্রতিষ্ঠাবার্ষিকী,2024-09-16T14:59:09.294674
https://www.gramerkagoj.com/details.php?id=82306&tag=রাজনীতি&slug=মুক্ত-বাংলাদেশ-ধরে-রাখতে-হবে-:-আমীর-খসরু,2024-09-16T14:59:09.358659
https://www.gramerkagoj.com/details.php?id=82275&tag=রাজনীতি&slug=রাজনীতিতে-পরিবর্তন-না-আনলে-বেশি-দিন-টেকা-যাবে-না-:-আমীর-খসরু,2024-09-16T14:59:09.418752
https://www.gramerkagoj.com/details.php?id=82247&tag=রাজনীতি&slug=দিল্লির-নিজাম-উদ্দিন-আউলিয়ার-মাজারে-শামীম-ওসমান!,2024-09-16T14:59:09.490715
https://www.gramerkagoj.com/details.php?id=82096&tag=রাজনীতি&slug=নিরপরাধ-কেউ-যেন-মামলার-শিকার-না-হয়-:-রিজভী,2024-09-16T14:59:09.561589
https://www.gramerkagoj.com/details.php?id=82009&tag=রাজনীতি&slug=বিএনপি-নেতা-সালাহউদ্দিন-ও-খোকনকে-শো’কজ,2024-09-16T14:59:09.624098
https://www.gramerkagoj.com/details.php?id=81984&tag=রাজনীতি&slug=ইসির-নিবন্ধন-পেল-গণঅধিকার-পরিষদ,2024-09-16T14:59:09.711067
https://www.gramerkagoj.com/details.php?id=82648&tag=খেলাধুলা&slug=ভারতে-গেছেন-ক্রিকেটাররা,2024-09-16T14:59:09.775106
https://www.gramerkagoj.com/details.php?id=82646&tag=খেলাধুলা&slug=সভাপতি-প্রার্থী-হওয়ার-ঘোষণা-দিয়েছেন-রুহুল-আমিন,2024-09-16T14:59:09.842514
https://www.gramerkagoj.com/details.php?id=82614&tag=খেলাধুলা&slug=বোনাসের-টাকা-পেলেন-ক্রিকেটাররা,2024-09-16T14:59:09.908163
https://www.gramerkagoj.com/details.php?id=82613&tag=খেলাধুলা&slug=লাল-মাটির-পিচ-প্রস্তুত-ভারতে,2024-09-16T14:59:10.036357
https://www.gramerkagoj.com/details.php?id=82612&tag=খেলাধুলা&slug=অবশেষে-মাঠে-ফিরছেন-মেসি,2024-09-16T14:59:10.111683
https://www.gramerkagoj.com/details.php?id=82611&tag=খেলাধুলা&slug=নির্বাচনে-প্রতিদ্বন্দ্বিতা-করবেন-না-সালাউদ্দিন,2024-09-16T14:59:10.165130
https://www.gramerkagoj.com/details.php?id=82585&tag=খেলাধুলা&slug=অভয়নগরে-রোমান-স্মৃতি-সংঘের-প্রীতি-ফুটবল-টুর্নামেন্ট-অনুষ্ঠিত,2024-09-16T14:59:10.227499
https://www.gramerkagoj.com/details.php?id=82583&tag=খেলাধুলা&slug=লঙ্কায়-বাংলাদেশের-১০৪-রানের-বিশাল-জয়,2024-09-16T14:59:10.287601
https://www.gramerkagoj.com/details.php?id=82555&tag=খেলাধুলা&slug=সাকিবের-দখল-নয়-উইকেট,2024-09-16T14:59:10.361686
https://www.gramerkagoj.com/details.php?id=82554&tag=খেলাধুলা&slug=টি-২০’তে-জয়ে-শুরু-বাংলাদেশের-নারীদের,2024-09-16T14:59:10.453940
https://www.gramerkagoj.com/details.php?id=82520&tag=বিনোদন&slug=বাউল-সম্রাট-শাহ-আবদুল-করিমের-মৃত্যুবার্ষিকী-আজ,2024-09-16T14:59:10.516127
https://www.gramerkagoj.com/details.php?id=82394&tag=বিনোদন&slug=অভিনেতা-এটিএম-শামসুজ্জামানের-জন্মবার্ষিকী-আজ,2024-09-16T14:59:10.587931
https://www.gramerkagoj.com/details.php?id=82206&tag=বিনোদন&slug=অভিনেতা-সালমান-শাহ'র-মৃত্যুবার্ষিকী-আজ,2024-09-16T14:59:10.661637
https://www.gramerkagoj.com/details.php?id=82151&tag=বিনোদন&slug=সঙ্গীতশিল্পী-আব্দুল-আলীমের-মৃত্যুবার্ষিকী-আজ,2024-09-16T14:59:10.723079
https://www.gramerkagoj.com/details.php?id=82079&tag=বিনোদন&slug=অভিনেতা-ঋষি-কাপুরের-জন্মবার্ষিকী-আজ,2024-09-16T14:59:10.786742
https://www.gramerkagoj.com/details.php?id=82078&tag=বিনোদন&slug=কিংবদন্তী-শিল্পী-সাবিনা-ইয়াসমিনের-জন্মদিন-আজ,2024-09-16T14:59:10.847485
https://www.gramerkagoj.com/details.php?id=82075&tag=বিনোদন&slug=অজিত-রায়ের-মৃত্যুবার্ষিকী-আজ,2024-09-16T14:59:10.911622
https://www.gramerkagoj.com/details.php?id=82038&tag=বিনোদন&slug=পর্দার-শেখ-হাসিনা-এখন-কোথায়?,2024-09-16T14:59:10.979873
"https://www.gramerkagoj.com/details.php?id=81643&tag=বিনোদন&slug=বন্যার্তদের-সহায়তায়-ভিডিও-বার্তা,-ভক্তদের-রোষানলে-অপু-বিশ্বাস",2024-09-16T14:59:11.044868
https://www.gramerkagoj.com/details.php?id=81299&tag=বিনোদন&slug=নায়ক-রাজ-রাজ্জাকের-মৃত্যুবার্ষিকী-আজ,2024-09-16T14:59:11.106057
https://www.gramerkagoj.com/details.php?id=81151&tag=বিনোদন&slug=অভিনেতা-ফারুকের-জন্মদিন-আজ,2024-09-16T14:59:11.157867
https://www.gramerkagoj.com/details.php?id=81106&tag=বিনোদন&slug=অভিনেত্রী-শবনমের-জন্মদিন-আজ,2024-09-16T14:59:11.238981
https://www.gramerkagoj.com/details.php?id=82536&tag=আইন-আদালত&slug=জামিন-পেলেন-লুৎফুজ্জামান-বাবর,2024-09-16T14:59:11.303301
https://www.gramerkagoj.com/details.php?id=82535&tag=আইন-আদালত&slug=খালেদা-জিয়াসহ-আটজনের-বিরুদ্ধে-সাক্ষ্যগ্রহণ-২৪-সেপ্টেম্বর,2024-09-16T14:59:11.355459
https://www.gramerkagoj.com/details.php?id=82533&tag=আইন-আদালত&slug=পুলিশ-কর্মকর্তা-কাফি-৫-দিনের-রিমান্ডে,2024-09-16T14:59:11.426393
https://www.gramerkagoj.com/details.php?id=82528&tag=আইন-আদালত&slug=রিমান্ড-শেষে-পলক-মামুন-ইনু-মেনন-কারাগারে,2024-09-16T14:59:11.489721
https://www.gramerkagoj.com/details.php?id=82476&tag=আইন-আদালত&slug=শেখ-হাসিনা-বেনজিরসহ-২৭-জনকে-আসামি-করে-হত্যাচেষ্টা-মামলা,2024-09-16T14:59:11.551336
https://www.gramerkagoj.com/details.php?id=82406&tag=আইন-আদালত&slug=শেখ-হাসিনাসহ-১৩৫-জনের-বিরুদ্ধে-মামলা,2024-09-16T14:59:11.614280
https://www.gramerkagoj.com/details.php?id=82402&tag=আইন-আদালত&slug=শেখ-হাসিনাসহ-৩৪-জনের-বিরুদ্ধে-ট্রাইব্যুনালে-অভিযোগ,2024-09-16T14:59:11.676028
https://www.gramerkagoj.com/details.php?id=82401&tag=আইন-আদালত&slug=গণসংহতি-আন্দোলনকে-নিবন্ধন-দিতে-আইনি-বাধা-নেই,2024-09-16T14:59:11.739683
https://www.gramerkagoj.com/details.php?id=82362&tag=আইন-আদালত&slug=খালেদা-জিয়ার-১১-মামলার-শুনানি-৩১-অক্টোবর,2024-09-16T14:59:11.801669
https://www.gramerkagoj.com/details.php?id=82354&tag=আইন-আদালত&slug=ট্রাইব্যুনালে-আসামিরা-বিদেশি-আইনজীবী-আনতে-পারবেন-:-তাজুল-ইসলাম,2024-09-16T14:59:11.864370
https://www.gramerkagoj.com/details.php?id=82350&tag=আইন-আদালত&slug=সাগর-রুনি-হত্যা-মামলার-প্রতিবেদন-১১১-বারের-মতো-পেছালো,2024-09-16T14:59:11.926363
https://www.gramerkagoj.com/details.php?id=82316&tag=আইন-আদালত&slug=আবারও-৪-দিনের-রিমান্ডে-ইনু,2024-09-16T14:59:11.989827
https://www.gramerkagoj.com/details.php?id=82548&tag=সম্পাদকীয়&slug=অর্থনৈতিক-সংস্কারে-এগিয়ে-আসছে-যুক্তরাষ্ট্র,2024-09-16T14:59:12.060432
https://www.gramerkagoj.com/details.php?id=82489&tag=সম্পাদকীয়&slug=ডেঙ্গুতে-একদিনে-৫-জনের-মৃত্যু,2024-09-16T14:59:12.115047
https://www.gramerkagoj.com/details.php?id=82428&tag=সম্পাদকীয়&slug=আবারও-সীমান্তে-হত্যা,2024-09-16T14:59:12.176233
https://www.gramerkagoj.com/details.php?id=82278&tag=আক্কেল চাচার চিঠি&slug=পুরোন-সে-দিনির-কতা-১,2024-09-16T14:59:12.223765
"https://www.gramerkagoj.com/details.php?id=82232&tag=আক্কেল চাচার চিঠি&slug=কনতে-দিবা-জানি-নে,-দিতিই-হবে!",2024-09-16T14:59:12.297896
https://www.gramerkagoj.com/details.php?id=82179&tag=আক্কেল চাচার চিঠি&slug=আগোতিতিই-নাই-লাভ-বেশি!,2024-09-16T14:59:12.356417
https://www.gramerkagoj.com/details.php?id=74288&tag=এক্সক্লুসিভ&slug=স্মৃতির-অ্যালবামে-প্রিয়জনসহ-নিজেকে-খুঁজেছেন-তারা,2024-09-16T14:59:12.422749
"https://www.gramerkagoj.com/details.php?id=74159&tag=এক্সক্লুসিভ&slug=অন্যরকম-দিন,-অন্যরকম-অনুভূতি",2024-09-16T14:59:12.491280
https://www.gramerkagoj.com/details.php?id=14435&tag=এক্সক্লুসিভ&slug=duushner-br-karn-plimar,2024-09-16T14:59:12.571454
https://www.gramerkagoj.com/details.php?id=82523&tag=ফিচার&slug=কবি-অরুণাচল-বসুর-জন্মবার্ষিকী-আজ,2024-09-16T14:59:12.641021
https://www.gramerkagoj.com/details.php?id=82454&tag=ফিচার&slug=চিত্রশিল্পী-শাহাবুদ্দিন-আহমেদের-জন্মবার্ষিকী-আজ,2024-09-16T14:59:12.711377
https://www.gramerkagoj.com/details.php?id=82153&tag=ফিচার&slug=মাদার-তেরেসার-জন্মদিন-আজ,2024-09-16T14:59:12.775858
https://www.gramerkagoj.com/details.php?id=81946&tag=পাঠকের কলাম&slug=আমার-দেখা-এ্যাড.-এ-কে-মঞ্জুরুল-হক,2024-09-16T14:59:12.843375
https://www.gramerkagoj.com/details.php?id=9459&tag=পাঠকের কলাম&slug=nareezoddha-ambiya-sfir-obdan-volar-ny,2024-09-16T14:59:12.907742
https://www.gramerkagoj.com/details.php?id=89&tag=পাঠকের কলাম&slug=aj-mhashtmee,2024-09-16T14:59:12.978258
https://www.gramerkagoj.com/details.php?id=82605&tag=সারাদেশ&slug=রাজশাহীতে-ছাত্র-আন্দোলনে-গুলি-করা-যুবলীগ-নেতা-রুবেল-গ্রেপ্তার,2024-09-16T14:59:13.042119
https://www.gramerkagoj.com/details.php?id=82601&tag=সারাদেশ&slug=গোপালগঞ্জে-বিএনপির-গাড়িবহরে-আ’লীগের-হামলায়-নিহত-১,2024-09-16T14:59:13.111720
https://www.gramerkagoj.com/details.php?id=82591&tag=সারাদেশ&slug=কক্সবাজারে-জলাবদ্ধতায়-দুর্ভোগে-২৫-হাজার-পর্যটক,2024-09-16T14:59:13.176356
https://www.gramerkagoj.com/details.php?id=82580&tag=সারাদেশ&slug=যৌক্তিক-সময়ের-মধ্যে-নির্বাচন-দিতে-হবে:-অধ্যাপক-মুজিবুর-রহমান,2024-09-16T14:59:13.254149
https://www.gramerkagoj.com/details.php?id=82578&tag=সারাদেশ&slug=পরিত্যক্ত-জমিতে-বাণিজ্যিকভাবে-পেঁপে-চাষে-সাফল্য,2024-09-16T14:59:13.330594
https://www.gramerkagoj.com/details.php?id=82572&tag=সারাদেশ&slug=পাহাড়ধসে-কক্সবাজারে-৬-জনের-মৃত্যু,2024-09-16T14:59:13.410455
https://www.gramerkagoj.com/details.php?id=82546&tag=সারাদেশ&slug=বন্ধ-থাকার-একদিন-পর-কাজে-ফিরেছেন-শ্রমিকরা,2024-09-16T14:59:13.496159
https://www.gramerkagoj.com/details.php?id=82545&tag=সারাদেশ&slug=মাদারীপুরে-তাওহীদ-ও-রোমানের-লাশ-উত্তোলনে-আপত্তি,2024-09-16T14:59:13.561516
https://www.gramerkagoj.com/details.php?id=82543&tag=সারাদেশ&slug=ঘুসের-ইটে-আশ্রয়ণ-প্রকল্পর-নির্মাণ-করছে-পবা-ইউএনও’র-ভাই,2024-09-16T14:59:13.624500
"https://www.gramerkagoj.com/details.php?id=82544&tag=সারাদেশ&slug=হাসপাতালের-সড়ক-বন্ধ-করে-গেট-নির্মাণ,-ভোগান্তির-শঙ্কা",2024-09-16T14:59:13.699318
https://www.gramerkagoj.com/details.php?id=82537&tag=সারাদেশ&slug=লামায়-দুই-যুগ-পর-প্রাণ-ফিরে-পাচ্ছে-শতবর্ষী-বাজার-পুকুর,2024-09-16T14:59:13.761262
https://www.gramerkagoj.com/details.php?id=81649&tag=মতামত&slug=প্রাথমিক-শিক্ষার-গুণগত-মানোন্নয়নে-শিক্ষকের-করণীয়,2024-09-16T14:59:13.825888
https://www.gramerkagoj.com/details.php?id=80374&tag=মতামত&slug=শান্তি-ও-স্থিতিশীলতার-অন্তরায়-গুজব-ও-উস্কানি,2024-09-16T14:59:13.904496
"https://www.gramerkagoj.com/details.php?id=80143&tag=মতামত&slug=তত্ত্ব,-তথ্য-ও-বিবেকি-সাংবাদিকতার-নাম-শফিউর-রহমান-খান-:-আজ-২৩-তম-মৃত্যুবার্ষিকী",2024-09-16T14:59:13.978036
https://www.gramerkagoj.com/details.php?id=79744&tag=মতামত&slug=দশই-মুহাররম-‘আশুরা’-:-ফযীলত-এবং-ঐতিহাসিক-প্রেক্ষাপট,2024-09-16T14:59:14.039020
https://www.gramerkagoj.com/details.php?id=82610&tag=আন্তর্জাতিক&slug=ভয়াবহ-বন্যায়-মিয়ানমারে-৩৩-জনের-মৃত্যু,2024-09-16T14:59:14.122643
https://www.gramerkagoj.com/details.php?id=82609&tag=আন্তর্জাতিক&slug=ভারত-পেঁয়াজ-রপ্তানিতে-নির্ধারিত-মূল্য-তুলে-নিয়েছে,2024-09-16T14:59:14.192469
https://www.gramerkagoj.com/details.php?id=82586&tag=আন্তর্জাতিক&slug=শনিবার-ঢাকায়-আসছেন-ডোনাল্ড-লু,2024-09-16T14:59:14.289412
https://www.gramerkagoj.com/details.php?id=82599&tag=অর্থনীতি&slug=আমদানির-পরেও-কমেনি-ডিমের-দাম,2024-09-16T14:59:14.368001
https://www.gramerkagoj.com/details.php?id=82390&tag=অর্থনীতি&slug=কেন্দ্রীয়-ব্যাংকে-৮-হাজার-কোটি-টাকা-ফিরল,2024-09-16T14:59:14.422448
https://www.gramerkagoj.com/details.php?id=82347&tag=অর্থনীতি&slug=সূচকের-পতনের-মধ্য-দিয়ে-পুঁজিবাজারে-লেনদেন-চলছে,2024-09-16T14:59:14.536665
"https://www.gramerkagoj.com/details.php?id=82514&tag=শিক্ষা-বার্তা&slug=ষষ্ঠ-থেকে-নবমে-৭০-নম্বরের-বার্ষিক-পরীক্ষা,-৩০-নম্বর-শিখনকালীন-মূল্যায়ন",2024-09-16T14:59:14.633952
https://www.gramerkagoj.com/details.php?id=82495&tag=শিক্ষা-বার্তা&slug=বাংলাদেশের-শিক্ষাব্যবস্থা:-এক-সংকটের-সংক্ষিপ্ত-বিশ্লেষণ,2024-09-16T14:59:14.689241
https://www.gramerkagoj.com/details.php?id=82460&tag=শিক্ষা-বার্তা&slug=জেএসসি-ও-এসএসসির-নম্বরের-সমন্বয়ে-এইচএসসির-ফল,2024-09-16T14:59:14.756122
https://www.gramerkagoj.com/details.php?id=82399&tag=শিক্ষা-বার্তা&slug=ঢাকা-বিশ্ববিদ্যালয়ের-হলগুলোতে-বাতিল-হলো-গণরুম-প্রথা,2024-09-16T14:59:14.842714
https://www.gramerkagoj.com/details.php?id=82501&tag=তথ্য-ও-প্রযুক্তি&slug=মোবাইলের-আধুনিক-ফিচারসমূহ,2024-09-16T14:59:14.912026
"https://www.gramerkagoj.com/details.php?id=81915&tag=তথ্য-ও-প্রযুক্তি&slug=বিশ্বের-দীর্ঘতম-গাড়ি,-রয়েছে-সুইমিং-পুল-হেলিপ্যাড",2024-09-16T14:59:14.990294
https://www.gramerkagoj.com/details.php?id=81893&tag=তথ্য-ও-প্রযুক্তি&slug=একবার-চার্জ-দিলে-৯০০-কিলোমিটার-চলবে-এই-ই-কার,2024-09-16T14:59:15.061554
https://www.gramerkagoj.com/details.php?id=81535&tag=তথ্য-ও-প্রযুক্তি&slug=গুগল-প্লে-স্টোরে-বড়-পরিবর্তন-আসছে,2024-09-16T14:59:15.123692
https://www.gramerkagoj.com/details.php?id=82372&tag=ইসলামী-জাহান&slug=খোঁটা-দিলে-উপকারের-সওয়াব-বিনষ্ট-হয়,2024-09-16T14:59:15.194971
https://www.gramerkagoj.com/details.php?id=82073&tag=ইসলামী-জাহান&slug=পবিত্র-আখেরি-চাহার-সোম্বা-আজ,2024-09-16T14:59:15.265927
https://www.gramerkagoj.com/details.php?id=81916&tag=ইসলামী-জাহান&slug=আজ-থেকে-হজের-নিবন্ধন-শুরু,2024-09-16T14:59:15.336322
https://www.gramerkagoj.com/details.php?id=81824&tag=ইসলামী-জাহান&slug=যেভাবে-পাপ-কাজ-থেকে-বিরত-থাকবেন,2024-09-16T14:59:15.399257
"https://www.gramerkagoj.com/details.php?id=82617&tag=স্বাস্থ্যকথা&slug=দেশে-ডেঙ্গুতে-একদিনে-৩-মৃত্যু,-আক্রান্ত-৫৪৮",2024-09-16T14:59:15.462301
https://www.gramerkagoj.com/details.php?id=82590&tag=স্বাস্থ্যকথা&slug=টাইফুনে-ভিয়েতনামে-মৃত্যু-বেড়ে-১৭৯,2024-09-16T14:59:15.528796
https://www.gramerkagoj.com/details.php?id=82589&tag=স্বাস্থ্যকথা&slug=পেট-ব্যথা-কমানোর-ঘরোয়া-উপায়,2024-09-16T14:59:15.611489
https://www.gramerkagoj.com/details.php?id=82028&tag=জীবনধারা&slug=মোবাইল-মাথার-কাছে-রেখে-ঘুমালে-যা-ঘটবে,2024-09-16T14:59:15.679414
https://www.gramerkagoj.com/details.php?id=78364&tag=জীবনধারা&slug=ভয়ংকর-মাংসখেকো-ব্যাকটেরিয়া-ছড়িয়ে-পড়ছে-জাপানে,2024-09-16T14:59:15.736569
https://www.gramerkagoj.com/details.php?id=77818&tag=জীবনধারা&slug=ভেজাল-মসলা-যে-ভাবে-চিনবেন,2024-09-16T14:59:15.792229
https://www.gramerkagoj.com/details.php?id=76637&tag=জীবনধারা&slug=কাজে-লাগান-পেঁয়াজের-খোসা,2024-09-16T14:59:15.841132
"https://www.gramerkagoj.com/details.php?id=82575&tag=আবহাওয়া&slug=বঙ্গোপসাগরে-লঘুচাপ-সৃষ্টি,-সমুদ্রবন্দরে-৩-নম্বর-সতর্কতা",2024-09-16T14:59:15.913204
https://www.gramerkagoj.com/details.php?id=82540&tag=আবহাওয়া&slug=আগামীকাল-সারাদেশে-ভারী-বৃষ্টি-হতে-পারে,2024-09-16T14:59:15.973825
https://www.gramerkagoj.com/details.php?id=82530&tag=আবহাওয়া&slug=দেশের-৪-সমুদ্রবন্দরে-৩-নম্বর-সতর্ক-সংকেত,2024-09-16T14:59:16.063856
"https://www.gramerkagoj.com/details.php?id=82490&tag=রাশিফল&slug=-ক্ষতির-সম্ভাবনা-সিংহের,-গর্ববোধ-কন্যার",2024-09-16T14:59:16.133924
"https://www.gramerkagoj.com/details.php?id=82429&tag=রাশিফল&slug=বাধা-থাকবে-তুলার,-খরচ-বাড়বে-মকরের",2024-09-16T14:59:16.188542
"https://www.gramerkagoj.com/details.php?id=82370&tag=রাশিফল&slug=-কর্কটের-চিন্তা,-বাধা-কাটবে-মীনের",2024-09-16T14:59:16.260502
"https://www.gramerkagoj.com/details.php?id=82320&tag=রাশিফল&slug=-সতর্ক-থাকুন-মীন,-খরচ-বৃদ্ধি-বৃশ্চিকের",2024-09-16T14:59:16.324671
https://www.gramerkagoj.com/details.php?id=82561&tag=ফ্যাক্টচেক&slug=ফের-যশোর-২৫০-শয্যা-বিশিষ্ট-জেনারেল-হাসপাতালের-নামে-ভুয়া-নিয়োগ-বিজ্ঞপ্তি-!,2024-09-16T14:59:16.394924
https://www.gramerkagoj.com/details.php?id=81481&tag=ফ্যাক্টচেক&slug=থামছে-না-মসজিদ-ও-মাদ্রাসার-বিদ্যুৎ-বিল-ফ্রি’র-ভুয়া-তথ্যের-প্রচার-!,2024-09-16T14:59:16.474416
https://www.gramerkagoj.com/details.php?id=81375&tag=ফ্যাক্টচেক&slug=বন্যা-ইস্যুতে-ভাইরাল-শিশুর-ছবিটি-সম্পর্কে-যা-জানা-গেল,2024-09-16T14:59:16.545618
https://www.gramerkagoj.com/details.php?id=79566&tag=ফ্যাক্টচেক&slug=‘বিসিএসে-রেকর্ড-মার্ক-পেয়ে-প্রথম-হওয়া-‘সুশান্ত-পাল’-ফাঁস-হওয়া-প্রশ্নে-প্রথম-হয়েছে’-পোস্টের-বিষয়ে-যা-জানা-গেল,2024-09-16T14:59:16.615985

